ID_Agente;Usuario;Nome_Agente;Supervisor;Turno;Data_Contratacao
AG001;natalia.novaes;Natalia Novaes;Adriana Bittencourt;Manha;2024-11-30
AG002;lorena.moreira;Lorena Moreira;Cesar Paranhos;Tarde;2026-04-12
AG003;otavio.tavares;Otavio Tavares;Eliane Trindade;Noite;2022-11-02
AG004;rute.brandao;Rute Brandao;Gilberto Rezende;Manha;2025-12-16
AG005;nadia.braga;Nadia Braga;Juliana Wanderley;Tarde;2024-08-28
AG006;marcela.andrade;Marcela Andrade;Leonel Quadros;Noite;2025-07-26
AG007;helena.xavier;Helena Xavier;Mirela Sampaio;Manha;2025-07-06
AG008;beatriz.zanetti;Beatriz Zanetti;Otto Bernardes;Tarde;2024-11-01
AG009;esther.arruda;Esther Arruda;Vivian Portela;Noite;2023-04-27
AG010;cristiano.duarte;Cristiano Duarte;Adriana Bittencourt;Manha;2024-04-15
AG011;adriana.correia;Adriana Correia;Cesar Paranhos;Tarde;2025-01-03
AG012;fabio.vasconcelos;Fabio Vasconcelos;Eliane Trindade;Noite;2025-02-09
AG013;julia.xavier;Julia Xavier;Gilberto Rezende;Manha;2025-07-25
AG014;julia.brandao;Julia Brandao;Juliana Wanderley;Tarde;2023-11-19
AG015;ivan.torres;Ivan Torres;Leonel Quadros;Noite;2024-09-18
AG016;camila.bastos;Camila Bastos;Mirela Sampaio;Manha;2022-12-11
AG017;flavio.teixeira;Flavio Teixeira;Otto Bernardes;Tarde;2025-07-24
AG018;natalia.carvalho;Natalia Carvalho;Vivian Portela;Noite;2024-06-04
AG019;lorena.aguiar;Lorena Aguiar;Adriana Bittencourt;Manha;2023-07-26
AG020;guilherme.moreira;Guilherme Moreira;Cesar Paranhos;Tarde;2026-03-07
AG021;ivan.calixto;Ivan Calixto;Eliane Trindade;Noite;2022-12-29
AG022;debora.braga;Debora Braga;Gilberto Rezende;Manha;2023-12-14
AG023;guilherme.xavier;Guilherme Xavier;Juliana Wanderley;Tarde;2026-06-09
AG024;diana.cardoso;Diana Cardoso;Leonel Quadros;Noite;2026-07-19
AG025;melissa.mendonca;Melissa Mendonca;Mirela Sampaio;Manha;2022-10-16
AG026;eduarda.torres;Eduarda Torres;Otto Bernardes;Tarde;2025-07-16
AG027;tatiana.fonseca;Tatiana Fonseca;Vivian Portela;Noite;2024-07-12
AG028;laura.novaes;Laura Novaes;Adriana Bittencourt;Manha;2022-12-27
AG029;elaine.camargo;Elaine Camargo;Cesar Paranhos;Tarde;2026-05-14
AG030;gustavo.dantas;Gustavo Dantas;Eliane Trindade;Noite;2024-04-20
AG031;nicolas.dantas;Nicolas Dantas;Gilberto Rezende;Manha;2023-08-17
AG032;vicente.abreu;Vicente Abreu;Juliana Wanderley;Tarde;2025-03-29
AG033;osvaldo.vieira;Osvaldo Vieira;Leonel Quadros;Noite;2024-01-18
AG034;heitor.sarmento;Heitor Sarmento;Mirela Sampaio;Manha;2025-07-09
AG035;fabio.cavalcanti;Fabio Cavalcanti;Otto Bernardes;Tarde;2022-11-16
AG036;isadora.furtado;Isadora Furtado;Vivian Portela;Noite;2024-02-11
AG037;antonia.xavier;Antonia Xavier;Adriana Bittencourt;Manha;2025-11-19
AG038;alexandre.caldeira;Alexandre Caldeira;Cesar Paranhos;Tarde;2024-01-08
AG039;enzo.duarte;Enzo Duarte;Eliane Trindade;Noite;2023-07-19
AG040;thiago.furtado;Thiago Furtado;Gilberto Rezende;Manha;2025-04-14
AG041;eduarda.macedo;Eduarda Macedo;Juliana Wanderley;Tarde;2025-12-15
AG042;samuel.duarte;Samuel Duarte;Leonel Quadros;Noite;2025-06-15
AG043;manuela.vasconcelos;Manuela Vasconcelos;Mirela Sampaio;Manha;2023-06-25
AG044;enzo.coelho;Enzo Coelho;Otto Bernardes;Tarde;2024-11-20
AG045;joana.peixoto;Joana Peixoto;Vivian Portela;Noite;2023-10-06
AG046;karina.farias;Karina Farias;Adriana Bittencourt;Manha;2023-11-12
AG047;rafaela.assis;Rafaela Assis;Cesar Paranhos;Tarde;2025-05-01
AG048;tatiana.teixeira;Tatiana Teixeira;Eliane Trindade;Noite;2025-07-12
AG049;karina.esteves;Karina Esteves;Gilberto Rezende;Manha;2024-10-17
AG050;sofia.lemos;Sofia Lemos;Juliana Wanderley;Tarde;2024-03-31
AG051;osvaldo.freitas;Osvaldo Freitas;Leonel Quadros;Noite;2023-01-27
AG052;paulo.meireles;Paulo Meireles;Mirela Sampaio;Manha;2024-06-15
AG053;thiago.vasconcelos;Thiago Vasconcelos;Otto Bernardes;Tarde;2023-06-23
AG054;osvaldo.rangel;Osvaldo Rangel;Vivian Portela;Noite;2025-06-05
AG055;marina.pontes;Marina Pontes;Adriana Bittencourt;Manha;2023-08-03
AG056;rute.teixeira;Rute Teixeira;Cesar Paranhos;Tarde;2023-05-01
AG057;camila.farias;Camila Farias;Eliane Trindade;Noite;2025-08-22
AG058;karina.machado;Karina Machado;Gilberto Rezende;Manha;2024-12-04
AG059;vitoria.rangel;Vitoria Rangel;Juliana Wanderley;Tarde;2025-06-04
AG060;fabio.galvao;Fabio Galvao;Leonel Quadros;Noite;2023-07-13
AG061;fernanda.godoy;Fernanda Godoy;Mirela Sampaio;Manha;2026-02-23
AG062;emanuel.tavares;Emanuel Tavares;Otto Bernardes;Tarde;2025-12-21
AG063;leandro.farias;Leandro Farias;Vivian Portela;Noite;2026-01-31
AG064;clara.nogueira;Clara Nogueira;Adriana Bittencourt;Manha;2023-06-29
AG065;giovana.magalhaes;Giovana Magalhaes;Cesar Paranhos;Tarde;2024-06-26
AG066;vera.rangel;Vera Rangel;Eliane Trindade;Noite;2025-02-13
AG067;daniel.abreu;Daniel Abreu;Gilberto Rezende;Manha;2024-01-25
AG068;simone.macedo;Simone Macedo;Juliana Wanderley;Tarde;2026-02-24
AG069;bianca.tavares;Bianca Tavares;Leonel Quadros;Noite;2026-04-07
AG070;samuel.aguiar;Samuel Aguiar;Mirela Sampaio;Manha;2024-11-14
AG071;amelia.fonseca;Amelia Fonseca;Otto Bernardes;Tarde;2025-10-21
AG072;cecilia.andrade;Cecilia Andrade;Vivian Portela;Noite;2023-05-25
AG073;joana.lemos;Joana Lemos;Adriana Bittencourt;Manha;2025-02-14
AG074;flavio.siqueira;Flavio Siqueira;Cesar Paranhos;Tarde;2024-02-26
AG075;eduarda.assis;Eduarda Assis;Eliane Trindade;Noite;2023-03-30
AG076;larissa.bastos;Larissa Bastos;Gilberto Rezende;Manha;2023-11-14
AG077;gabriel.carvalho;Gabriel Carvalho;Juliana Wanderley;Tarde;2023-01-09
AG078;iracema.calixto;Iracema Calixto;Leonel Quadros;Noite;2026-03-12
AG079;raquel.sarmento;Raquel Sarmento;Mirela Sampaio;Manha;2025-08-02
AG080;flavio.abreu;Flavio Abreu;Otto Bernardes;Tarde;2026-05-04
AG081;diego.farias;Diego Farias;Vivian Portela;Noite;2025-06-28
AG082;vicente.escobar;Vicente Escobar;Adriana Bittencourt;Manha;2024-08-01
AG083;pietro.maia;Pietro Maia;Cesar Paranhos;Tarde;2025-12-02
AG084;thiago.nogueira;Thiago Nogueira;Eliane Trindade;Noite;2024-01-03
AG085;ricardo.leal;Ricardo Leal;Gilberto Rezende;Manha;2024-06-15
AG086;olivia.amaral;Olivia Amaral;Juliana Wanderley;Tarde;2023-07-27
AG087;laura.vasconcelos;Laura Vasconcelos;Leonel Quadros;Noite;2022-10-30
AG088;heitor.cordeiro;Heitor Cordeiro;Mirela Sampaio;Manha;2023-01-04
AG089;gustavo.godoy;Gustavo Godoy;Otto Bernardes;Tarde;2024-12-20
AG090;miguel.barreto;Miguel Barreto;Vivian Portela;Noite;2023-09-30
