Data;Ano;Mes;Nome_Mes;Ano_Mes;Trimestre;Ano_Trimestre;Dia;Num_Dia_Semana;Nome_Dia_Semana;Fim_de_Semana;Semana_Ano;Feriado;Nome_Feriado
2025-01-01;2025;1;Janeiro;2025-01;T1;2025-T1;1;3;Quarta-feira;Nao;1;Sim;Confraternizacao Universal
2025-01-02;2025;1;Janeiro;2025-01;T1;2025-T1;2;4;Quinta-feira;Nao;1;Nao;
2025-01-03;2025;1;Janeiro;2025-01;T1;2025-T1;3;5;Sexta-feira;Nao;1;Nao;
2025-01-04;2025;1;Janeiro;2025-01;T1;2025-T1;4;6;Sabado;Sim;1;Nao;
2025-01-05;2025;1;Janeiro;2025-01;T1;2025-T1;5;7;Domingo;Sim;1;Nao;
2025-01-06;2025;1;Janeiro;2025-01;T1;2025-T1;6;1;Segunda-feira;Nao;2;Nao;
2025-01-07;2025;1;Janeiro;2025-01;T1;2025-T1;7;2;Terca-feira;Nao;2;Nao;
2025-01-08;2025;1;Janeiro;2025-01;T1;2025-T1;8;3;Quarta-feira;Nao;2;Nao;
2025-01-09;2025;1;Janeiro;2025-01;T1;2025-T1;9;4;Quinta-feira;Nao;2;Nao;
2025-01-10;2025;1;Janeiro;2025-01;T1;2025-T1;10;5;Sexta-feira;Nao;2;Nao;
2025-01-11;2025;1;Janeiro;2025-01;T1;2025-T1;11;6;Sabado;Sim;2;Nao;
2025-01-12;2025;1;Janeiro;2025-01;T1;2025-T1;12;7;Domingo;Sim;2;Nao;
2025-01-13;2025;1;Janeiro;2025-01;T1;2025-T1;13;1;Segunda-feira;Nao;3;Nao;
2025-01-14;2025;1;Janeiro;2025-01;T1;2025-T1;14;2;Terca-feira;Nao;3;Nao;
2025-01-15;2025;1;Janeiro;2025-01;T1;2025-T1;15;3;Quarta-feira;Nao;3;Nao;
2025-01-16;2025;1;Janeiro;2025-01;T1;2025-T1;16;4;Quinta-feira;Nao;3;Nao;
2025-01-17;2025;1;Janeiro;2025-01;T1;2025-T1;17;5;Sexta-feira;Nao;3;Nao;
2025-01-18;2025;1;Janeiro;2025-01;T1;2025-T1;18;6;Sabado;Sim;3;Nao;
2025-01-19;2025;1;Janeiro;2025-01;T1;2025-T1;19;7;Domingo;Sim;3;Nao;
2025-01-20;2025;1;Janeiro;2025-01;T1;2025-T1;20;1;Segunda-feira;Nao;4;Nao;
2025-01-21;2025;1;Janeiro;2025-01;T1;2025-T1;21;2;Terca-feira;Nao;4;Nao;
2025-01-22;2025;1;Janeiro;2025-01;T1;2025-T1;22;3;Quarta-feira;Nao;4;Nao;
2025-01-23;2025;1;Janeiro;2025-01;T1;2025-T1;23;4;Quinta-feira;Nao;4;Nao;
2025-01-24;2025;1;Janeiro;2025-01;T1;2025-T1;24;5;Sexta-feira;Nao;4;Nao;
2025-01-25;2025;1;Janeiro;2025-01;T1;2025-T1;25;6;Sabado;Sim;4;Nao;
2025-01-26;2025;1;Janeiro;2025-01;T1;2025-T1;26;7;Domingo;Sim;4;Nao;
2025-01-27;2025;1;Janeiro;2025-01;T1;2025-T1;27;1;Segunda-feira;Nao;5;Nao;
2025-01-28;2025;1;Janeiro;2025-01;T1;2025-T1;28;2;Terca-feira;Nao;5;Nao;
2025-01-29;2025;1;Janeiro;2025-01;T1;2025-T1;29;3;Quarta-feira;Nao;5;Nao;
2025-01-30;2025;1;Janeiro;2025-01;T1;2025-T1;30;4;Quinta-feira;Nao;5;Nao;
2025-01-31;2025;1;Janeiro;2025-01;T1;2025-T1;31;5;Sexta-feira;Nao;5;Nao;
2025-02-01;2025;2;Fevereiro;2025-02;T1;2025-T1;1;6;Sabado;Sim;5;Nao;
2025-02-02;2025;2;Fevereiro;2025-02;T1;2025-T1;2;7;Domingo;Sim;5;Nao;
2025-02-03;2025;2;Fevereiro;2025-02;T1;2025-T1;3;1;Segunda-feira;Nao;6;Nao;
2025-02-04;2025;2;Fevereiro;2025-02;T1;2025-T1;4;2;Terca-feira;Nao;6;Nao;
2025-02-05;2025;2;Fevereiro;2025-02;T1;2025-T1;5;3;Quarta-feira;Nao;6;Nao;
2025-02-06;2025;2;Fevereiro;2025-02;T1;2025-T1;6;4;Quinta-feira;Nao;6;Nao;
2025-02-07;2025;2;Fevereiro;2025-02;T1;2025-T1;7;5;Sexta-feira;Nao;6;Nao;
2025-02-08;2025;2;Fevereiro;2025-02;T1;2025-T1;8;6;Sabado;Sim;6;Nao;
2025-02-09;2025;2;Fevereiro;2025-02;T1;2025-T1;9;7;Domingo;Sim;6;Nao;
2025-02-10;2025;2;Fevereiro;2025-02;T1;2025-T1;10;1;Segunda-feira;Nao;7;Nao;
2025-02-11;2025;2;Fevereiro;2025-02;T1;2025-T1;11;2;Terca-feira;Nao;7;Nao;
2025-02-12;2025;2;Fevereiro;2025-02;T1;2025-T1;12;3;Quarta-feira;Nao;7;Nao;
2025-02-13;2025;2;Fevereiro;2025-02;T1;2025-T1;13;4;Quinta-feira;Nao;7;Nao;
2025-02-14;2025;2;Fevereiro;2025-02;T1;2025-T1;14;5;Sexta-feira;Nao;7;Nao;
2025-02-15;2025;2;Fevereiro;2025-02;T1;2025-T1;15;6;Sabado;Sim;7;Nao;
2025-02-16;2025;2;Fevereiro;2025-02;T1;2025-T1;16;7;Domingo;Sim;7;Nao;
2025-02-17;2025;2;Fevereiro;2025-02;T1;2025-T1;17;1;Segunda-feira;Nao;8;Nao;
2025-02-18;2025;2;Fevereiro;2025-02;T1;2025-T1;18;2;Terca-feira;Nao;8;Nao;
2025-02-19;2025;2;Fevereiro;2025-02;T1;2025-T1;19;3;Quarta-feira;Nao;8;Nao;
2025-02-20;2025;2;Fevereiro;2025-02;T1;2025-T1;20;4;Quinta-feira;Nao;8;Nao;
2025-02-21;2025;2;Fevereiro;2025-02;T1;2025-T1;21;5;Sexta-feira;Nao;8;Nao;
2025-02-22;2025;2;Fevereiro;2025-02;T1;2025-T1;22;6;Sabado;Sim;8;Nao;
2025-02-23;2025;2;Fevereiro;2025-02;T1;2025-T1;23;7;Domingo;Sim;8;Nao;
2025-02-24;2025;2;Fevereiro;2025-02;T1;2025-T1;24;1;Segunda-feira;Nao;9;Nao;
2025-02-25;2025;2;Fevereiro;2025-02;T1;2025-T1;25;2;Terca-feira;Nao;9;Nao;
2025-02-26;2025;2;Fevereiro;2025-02;T1;2025-T1;26;3;Quarta-feira;Nao;9;Nao;
2025-02-27;2025;2;Fevereiro;2025-02;T1;2025-T1;27;4;Quinta-feira;Nao;9;Nao;
2025-02-28;2025;2;Fevereiro;2025-02;T1;2025-T1;28;5;Sexta-feira;Nao;9;Nao;
2025-03-01;2025;3;Marco;2025-03;T1;2025-T1;1;6;Sabado;Sim;9;Nao;
2025-03-02;2025;3;Marco;2025-03;T1;2025-T1;2;7;Domingo;Sim;9;Nao;
2025-03-03;2025;3;Marco;2025-03;T1;2025-T1;3;1;Segunda-feira;Nao;10;Sim;Carnaval
2025-03-04;2025;3;Marco;2025-03;T1;2025-T1;4;2;Terca-feira;Nao;10;Sim;Carnaval
2025-03-05;2025;3;Marco;2025-03;T1;2025-T1;5;3;Quarta-feira;Nao;10;Nao;
2025-03-06;2025;3;Marco;2025-03;T1;2025-T1;6;4;Quinta-feira;Nao;10;Nao;
2025-03-07;2025;3;Marco;2025-03;T1;2025-T1;7;5;Sexta-feira;Nao;10;Nao;
2025-03-08;2025;3;Marco;2025-03;T1;2025-T1;8;6;Sabado;Sim;10;Nao;
2025-03-09;2025;3;Marco;2025-03;T1;2025-T1;9;7;Domingo;Sim;10;Nao;
2025-03-10;2025;3;Marco;2025-03;T1;2025-T1;10;1;Segunda-feira;Nao;11;Nao;
2025-03-11;2025;3;Marco;2025-03;T1;2025-T1;11;2;Terca-feira;Nao;11;Nao;
2025-03-12;2025;3;Marco;2025-03;T1;2025-T1;12;3;Quarta-feira;Nao;11;Nao;
2025-03-13;2025;3;Marco;2025-03;T1;2025-T1;13;4;Quinta-feira;Nao;11;Nao;
2025-03-14;2025;3;Marco;2025-03;T1;2025-T1;14;5;Sexta-feira;Nao;11;Nao;
2025-03-15;2025;3;Marco;2025-03;T1;2025-T1;15;6;Sabado;Sim;11;Nao;
2025-03-16;2025;3;Marco;2025-03;T1;2025-T1;16;7;Domingo;Sim;11;Nao;
2025-03-17;2025;3;Marco;2025-03;T1;2025-T1;17;1;Segunda-feira;Nao;12;Nao;
2025-03-18;2025;3;Marco;2025-03;T1;2025-T1;18;2;Terca-feira;Nao;12;Nao;
2025-03-19;2025;3;Marco;2025-03;T1;2025-T1;19;3;Quarta-feira;Nao;12;Nao;
2025-03-20;2025;3;Marco;2025-03;T1;2025-T1;20;4;Quinta-feira;Nao;12;Nao;
2025-03-21;2025;3;Marco;2025-03;T1;2025-T1;21;5;Sexta-feira;Nao;12;Nao;
2025-03-22;2025;3;Marco;2025-03;T1;2025-T1;22;6;Sabado;Sim;12;Nao;
2025-03-23;2025;3;Marco;2025-03;T1;2025-T1;23;7;Domingo;Sim;12;Nao;
2025-03-24;2025;3;Marco;2025-03;T1;2025-T1;24;1;Segunda-feira;Nao;13;Nao;
2025-03-25;2025;3;Marco;2025-03;T1;2025-T1;25;2;Terca-feira;Nao;13;Nao;
2025-03-26;2025;3;Marco;2025-03;T1;2025-T1;26;3;Quarta-feira;Nao;13;Nao;
2025-03-27;2025;3;Marco;2025-03;T1;2025-T1;27;4;Quinta-feira;Nao;13;Nao;
2025-03-28;2025;3;Marco;2025-03;T1;2025-T1;28;5;Sexta-feira;Nao;13;Nao;
2025-03-29;2025;3;Marco;2025-03;T1;2025-T1;29;6;Sabado;Sim;13;Nao;
2025-03-30;2025;3;Marco;2025-03;T1;2025-T1;30;7;Domingo;Sim;13;Nao;
2025-03-31;2025;3;Marco;2025-03;T1;2025-T1;31;1;Segunda-feira;Nao;14;Nao;
2025-04-01;2025;4;Abril;2025-04;T2;2025-T2;1;2;Terca-feira;Nao;14;Nao;
2025-04-02;2025;4;Abril;2025-04;T2;2025-T2;2;3;Quarta-feira;Nao;14;Nao;
2025-04-03;2025;4;Abril;2025-04;T2;2025-T2;3;4;Quinta-feira;Nao;14;Nao;
2025-04-04;2025;4;Abril;2025-04;T2;2025-T2;4;5;Sexta-feira;Nao;14;Nao;
2025-04-05;2025;4;Abril;2025-04;T2;2025-T2;5;6;Sabado;Sim;14;Nao;
2025-04-06;2025;4;Abril;2025-04;T2;2025-T2;6;7;Domingo;Sim;14;Nao;
2025-04-07;2025;4;Abril;2025-04;T2;2025-T2;7;1;Segunda-feira;Nao;15;Nao;
2025-04-08;2025;4;Abril;2025-04;T2;2025-T2;8;2;Terca-feira;Nao;15;Nao;
2025-04-09;2025;4;Abril;2025-04;T2;2025-T2;9;3;Quarta-feira;Nao;15;Nao;
2025-04-10;2025;4;Abril;2025-04;T2;2025-T2;10;4;Quinta-feira;Nao;15;Nao;
2025-04-11;2025;4;Abril;2025-04;T2;2025-T2;11;5;Sexta-feira;Nao;15;Nao;
2025-04-12;2025;4;Abril;2025-04;T2;2025-T2;12;6;Sabado;Sim;15;Nao;
2025-04-13;2025;4;Abril;2025-04;T2;2025-T2;13;7;Domingo;Sim;15;Nao;
2025-04-14;2025;4;Abril;2025-04;T2;2025-T2;14;1;Segunda-feira;Nao;16;Nao;
2025-04-15;2025;4;Abril;2025-04;T2;2025-T2;15;2;Terca-feira;Nao;16;Nao;
2025-04-16;2025;4;Abril;2025-04;T2;2025-T2;16;3;Quarta-feira;Nao;16;Nao;
2025-04-17;2025;4;Abril;2025-04;T2;2025-T2;17;4;Quinta-feira;Nao;16;Nao;
2025-04-18;2025;4;Abril;2025-04;T2;2025-T2;18;5;Sexta-feira;Nao;16;Sim;Paixao de Cristo
2025-04-19;2025;4;Abril;2025-04;T2;2025-T2;19;6;Sabado;Sim;16;Nao;
2025-04-20;2025;4;Abril;2025-04;T2;2025-T2;20;7;Domingo;Sim;16;Nao;
2025-04-21;2025;4;Abril;2025-04;T2;2025-T2;21;1;Segunda-feira;Nao;17;Sim;Tiradentes
2025-04-22;2025;4;Abril;2025-04;T2;2025-T2;22;2;Terca-feira;Nao;17;Nao;
2025-04-23;2025;4;Abril;2025-04;T2;2025-T2;23;3;Quarta-feira;Nao;17;Nao;
2025-04-24;2025;4;Abril;2025-04;T2;2025-T2;24;4;Quinta-feira;Nao;17;Nao;
2025-04-25;2025;4;Abril;2025-04;T2;2025-T2;25;5;Sexta-feira;Nao;17;Nao;
2025-04-26;2025;4;Abril;2025-04;T2;2025-T2;26;6;Sabado;Sim;17;Nao;
2025-04-27;2025;4;Abril;2025-04;T2;2025-T2;27;7;Domingo;Sim;17;Nao;
2025-04-28;2025;4;Abril;2025-04;T2;2025-T2;28;1;Segunda-feira;Nao;18;Nao;
2025-04-29;2025;4;Abril;2025-04;T2;2025-T2;29;2;Terca-feira;Nao;18;Nao;
2025-04-30;2025;4;Abril;2025-04;T2;2025-T2;30;3;Quarta-feira;Nao;18;Nao;
2025-05-01;2025;5;Maio;2025-05;T2;2025-T2;1;4;Quinta-feira;Nao;18;Sim;Dia do Trabalho
2025-05-02;2025;5;Maio;2025-05;T2;2025-T2;2;5;Sexta-feira;Nao;18;Nao;
2025-05-03;2025;5;Maio;2025-05;T2;2025-T2;3;6;Sabado;Sim;18;Nao;
2025-05-04;2025;5;Maio;2025-05;T2;2025-T2;4;7;Domingo;Sim;18;Nao;
2025-05-05;2025;5;Maio;2025-05;T2;2025-T2;5;1;Segunda-feira;Nao;19;Nao;
2025-05-06;2025;5;Maio;2025-05;T2;2025-T2;6;2;Terca-feira;Nao;19;Nao;
2025-05-07;2025;5;Maio;2025-05;T2;2025-T2;7;3;Quarta-feira;Nao;19;Nao;
2025-05-08;2025;5;Maio;2025-05;T2;2025-T2;8;4;Quinta-feira;Nao;19;Nao;
2025-05-09;2025;5;Maio;2025-05;T2;2025-T2;9;5;Sexta-feira;Nao;19;Nao;
2025-05-10;2025;5;Maio;2025-05;T2;2025-T2;10;6;Sabado;Sim;19;Nao;
2025-05-11;2025;5;Maio;2025-05;T2;2025-T2;11;7;Domingo;Sim;19;Nao;
2025-05-12;2025;5;Maio;2025-05;T2;2025-T2;12;1;Segunda-feira;Nao;20;Nao;
2025-05-13;2025;5;Maio;2025-05;T2;2025-T2;13;2;Terca-feira;Nao;20;Nao;
2025-05-14;2025;5;Maio;2025-05;T2;2025-T2;14;3;Quarta-feira;Nao;20;Nao;
2025-05-15;2025;5;Maio;2025-05;T2;2025-T2;15;4;Quinta-feira;Nao;20;Nao;
2025-05-16;2025;5;Maio;2025-05;T2;2025-T2;16;5;Sexta-feira;Nao;20;Nao;
2025-05-17;2025;5;Maio;2025-05;T2;2025-T2;17;6;Sabado;Sim;20;Nao;
2025-05-18;2025;5;Maio;2025-05;T2;2025-T2;18;7;Domingo;Sim;20;Nao;
2025-05-19;2025;5;Maio;2025-05;T2;2025-T2;19;1;Segunda-feira;Nao;21;Nao;
2025-05-20;2025;5;Maio;2025-05;T2;2025-T2;20;2;Terca-feira;Nao;21;Nao;
2025-05-21;2025;5;Maio;2025-05;T2;2025-T2;21;3;Quarta-feira;Nao;21;Nao;
2025-05-22;2025;5;Maio;2025-05;T2;2025-T2;22;4;Quinta-feira;Nao;21;Nao;
2025-05-23;2025;5;Maio;2025-05;T2;2025-T2;23;5;Sexta-feira;Nao;21;Nao;
2025-05-24;2025;5;Maio;2025-05;T2;2025-T2;24;6;Sabado;Sim;21;Nao;
2025-05-25;2025;5;Maio;2025-05;T2;2025-T2;25;7;Domingo;Sim;21;Nao;
2025-05-26;2025;5;Maio;2025-05;T2;2025-T2;26;1;Segunda-feira;Nao;22;Nao;
2025-05-27;2025;5;Maio;2025-05;T2;2025-T2;27;2;Terca-feira;Nao;22;Nao;
2025-05-28;2025;5;Maio;2025-05;T2;2025-T2;28;3;Quarta-feira;Nao;22;Nao;
2025-05-29;2025;5;Maio;2025-05;T2;2025-T2;29;4;Quinta-feira;Nao;22;Nao;
2025-05-30;2025;5;Maio;2025-05;T2;2025-T2;30;5;Sexta-feira;Nao;22;Nao;
2025-05-31;2025;5;Maio;2025-05;T2;2025-T2;31;6;Sabado;Sim;22;Nao;
2025-06-01;2025;6;Junho;2025-06;T2;2025-T2;1;7;Domingo;Sim;22;Nao;
2025-06-02;2025;6;Junho;2025-06;T2;2025-T2;2;1;Segunda-feira;Nao;23;Nao;
2025-06-03;2025;6;Junho;2025-06;T2;2025-T2;3;2;Terca-feira;Nao;23;Nao;
2025-06-04;2025;6;Junho;2025-06;T2;2025-T2;4;3;Quarta-feira;Nao;23;Nao;
2025-06-05;2025;6;Junho;2025-06;T2;2025-T2;5;4;Quinta-feira;Nao;23;Nao;
2025-06-06;2025;6;Junho;2025-06;T2;2025-T2;6;5;Sexta-feira;Nao;23;Nao;
2025-06-07;2025;6;Junho;2025-06;T2;2025-T2;7;6;Sabado;Sim;23;Nao;
2025-06-08;2025;6;Junho;2025-06;T2;2025-T2;8;7;Domingo;Sim;23;Nao;
2025-06-09;2025;6;Junho;2025-06;T2;2025-T2;9;1;Segunda-feira;Nao;24;Nao;
2025-06-10;2025;6;Junho;2025-06;T2;2025-T2;10;2;Terca-feira;Nao;24;Nao;
2025-06-11;2025;6;Junho;2025-06;T2;2025-T2;11;3;Quarta-feira;Nao;24;Nao;
2025-06-12;2025;6;Junho;2025-06;T2;2025-T2;12;4;Quinta-feira;Nao;24;Nao;
2025-06-13;2025;6;Junho;2025-06;T2;2025-T2;13;5;Sexta-feira;Nao;24;Nao;
2025-06-14;2025;6;Junho;2025-06;T2;2025-T2;14;6;Sabado;Sim;24;Nao;
2025-06-15;2025;6;Junho;2025-06;T2;2025-T2;15;7;Domingo;Sim;24;Nao;
2025-06-16;2025;6;Junho;2025-06;T2;2025-T2;16;1;Segunda-feira;Nao;25;Nao;
2025-06-17;2025;6;Junho;2025-06;T2;2025-T2;17;2;Terca-feira;Nao;25;Nao;
2025-06-18;2025;6;Junho;2025-06;T2;2025-T2;18;3;Quarta-feira;Nao;25;Nao;
2025-06-19;2025;6;Junho;2025-06;T2;2025-T2;19;4;Quinta-feira;Nao;25;Sim;Corpus Christi
2025-06-20;2025;6;Junho;2025-06;T2;2025-T2;20;5;Sexta-feira;Nao;25;Nao;
2025-06-21;2025;6;Junho;2025-06;T2;2025-T2;21;6;Sabado;Sim;25;Nao;
2025-06-22;2025;6;Junho;2025-06;T2;2025-T2;22;7;Domingo;Sim;25;Nao;
2025-06-23;2025;6;Junho;2025-06;T2;2025-T2;23;1;Segunda-feira;Nao;26;Nao;
2025-06-24;2025;6;Junho;2025-06;T2;2025-T2;24;2;Terca-feira;Nao;26;Nao;
2025-06-25;2025;6;Junho;2025-06;T2;2025-T2;25;3;Quarta-feira;Nao;26;Nao;
2025-06-26;2025;6;Junho;2025-06;T2;2025-T2;26;4;Quinta-feira;Nao;26;Nao;
2025-06-27;2025;6;Junho;2025-06;T2;2025-T2;27;5;Sexta-feira;Nao;26;Nao;
2025-06-28;2025;6;Junho;2025-06;T2;2025-T2;28;6;Sabado;Sim;26;Nao;
2025-06-29;2025;6;Junho;2025-06;T2;2025-T2;29;7;Domingo;Sim;26;Nao;
2025-06-30;2025;6;Junho;2025-06;T2;2025-T2;30;1;Segunda-feira;Nao;27;Nao;
2025-07-01;2025;7;Julho;2025-07;T3;2025-T3;1;2;Terca-feira;Nao;27;Nao;
2025-07-02;2025;7;Julho;2025-07;T3;2025-T3;2;3;Quarta-feira;Nao;27;Nao;
2025-07-03;2025;7;Julho;2025-07;T3;2025-T3;3;4;Quinta-feira;Nao;27;Nao;
2025-07-04;2025;7;Julho;2025-07;T3;2025-T3;4;5;Sexta-feira;Nao;27;Nao;
2025-07-05;2025;7;Julho;2025-07;T3;2025-T3;5;6;Sabado;Sim;27;Nao;
2025-07-06;2025;7;Julho;2025-07;T3;2025-T3;6;7;Domingo;Sim;27;Nao;
2025-07-07;2025;7;Julho;2025-07;T3;2025-T3;7;1;Segunda-feira;Nao;28;Nao;
2025-07-08;2025;7;Julho;2025-07;T3;2025-T3;8;2;Terca-feira;Nao;28;Nao;
2025-07-09;2025;7;Julho;2025-07;T3;2025-T3;9;3;Quarta-feira;Nao;28;Nao;
2025-07-10;2025;7;Julho;2025-07;T3;2025-T3;10;4;Quinta-feira;Nao;28;Nao;
2025-07-11;2025;7;Julho;2025-07;T3;2025-T3;11;5;Sexta-feira;Nao;28;Nao;
2025-07-12;2025;7;Julho;2025-07;T3;2025-T3;12;6;Sabado;Sim;28;Nao;
2025-07-13;2025;7;Julho;2025-07;T3;2025-T3;13;7;Domingo;Sim;28;Nao;
2025-07-14;2025;7;Julho;2025-07;T3;2025-T3;14;1;Segunda-feira;Nao;29;Nao;
2025-07-15;2025;7;Julho;2025-07;T3;2025-T3;15;2;Terca-feira;Nao;29;Nao;
2025-07-16;2025;7;Julho;2025-07;T3;2025-T3;16;3;Quarta-feira;Nao;29;Nao;
2025-07-17;2025;7;Julho;2025-07;T3;2025-T3;17;4;Quinta-feira;Nao;29;Nao;
2025-07-18;2025;7;Julho;2025-07;T3;2025-T3;18;5;Sexta-feira;Nao;29;Nao;
2025-07-19;2025;7;Julho;2025-07;T3;2025-T3;19;6;Sabado;Sim;29;Nao;
2025-07-20;2025;7;Julho;2025-07;T3;2025-T3;20;7;Domingo;Sim;29;Nao;
2025-07-21;2025;7;Julho;2025-07;T3;2025-T3;21;1;Segunda-feira;Nao;30;Nao;
2025-07-22;2025;7;Julho;2025-07;T3;2025-T3;22;2;Terca-feira;Nao;30;Nao;
2025-07-23;2025;7;Julho;2025-07;T3;2025-T3;23;3;Quarta-feira;Nao;30;Nao;
2025-07-24;2025;7;Julho;2025-07;T3;2025-T3;24;4;Quinta-feira;Nao;30;Nao;
2025-07-25;2025;7;Julho;2025-07;T3;2025-T3;25;5;Sexta-feira;Nao;30;Nao;
2025-07-26;2025;7;Julho;2025-07;T3;2025-T3;26;6;Sabado;Sim;30;Nao;
2025-07-27;2025;7;Julho;2025-07;T3;2025-T3;27;7;Domingo;Sim;30;Nao;
2025-07-28;2025;7;Julho;2025-07;T3;2025-T3;28;1;Segunda-feira;Nao;31;Nao;
2025-07-29;2025;7;Julho;2025-07;T3;2025-T3;29;2;Terca-feira;Nao;31;Nao;
2025-07-30;2025;7;Julho;2025-07;T3;2025-T3;30;3;Quarta-feira;Nao;31;Nao;
2025-07-31;2025;7;Julho;2025-07;T3;2025-T3;31;4;Quinta-feira;Nao;31;Nao;
2025-08-01;2025;8;Agosto;2025-08;T3;2025-T3;1;5;Sexta-feira;Nao;31;Nao;
2025-08-02;2025;8;Agosto;2025-08;T3;2025-T3;2;6;Sabado;Sim;31;Nao;
2025-08-03;2025;8;Agosto;2025-08;T3;2025-T3;3;7;Domingo;Sim;31;Nao;
2025-08-04;2025;8;Agosto;2025-08;T3;2025-T3;4;1;Segunda-feira;Nao;32;Nao;
2025-08-05;2025;8;Agosto;2025-08;T3;2025-T3;5;2;Terca-feira;Nao;32;Nao;
2025-08-06;2025;8;Agosto;2025-08;T3;2025-T3;6;3;Quarta-feira;Nao;32;Nao;
2025-08-07;2025;8;Agosto;2025-08;T3;2025-T3;7;4;Quinta-feira;Nao;32;Nao;
2025-08-08;2025;8;Agosto;2025-08;T3;2025-T3;8;5;Sexta-feira;Nao;32;Nao;
2025-08-09;2025;8;Agosto;2025-08;T3;2025-T3;9;6;Sabado;Sim;32;Nao;
2025-08-10;2025;8;Agosto;2025-08;T3;2025-T3;10;7;Domingo;Sim;32;Nao;
2025-08-11;2025;8;Agosto;2025-08;T3;2025-T3;11;1;Segunda-feira;Nao;33;Nao;
2025-08-12;2025;8;Agosto;2025-08;T3;2025-T3;12;2;Terca-feira;Nao;33;Nao;
2025-08-13;2025;8;Agosto;2025-08;T3;2025-T3;13;3;Quarta-feira;Nao;33;Nao;
2025-08-14;2025;8;Agosto;2025-08;T3;2025-T3;14;4;Quinta-feira;Nao;33;Nao;
2025-08-15;2025;8;Agosto;2025-08;T3;2025-T3;15;5;Sexta-feira;Nao;33;Nao;
2025-08-16;2025;8;Agosto;2025-08;T3;2025-T3;16;6;Sabado;Sim;33;Nao;
2025-08-17;2025;8;Agosto;2025-08;T3;2025-T3;17;7;Domingo;Sim;33;Nao;
2025-08-18;2025;8;Agosto;2025-08;T3;2025-T3;18;1;Segunda-feira;Nao;34;Nao;
2025-08-19;2025;8;Agosto;2025-08;T3;2025-T3;19;2;Terca-feira;Nao;34;Nao;
2025-08-20;2025;8;Agosto;2025-08;T3;2025-T3;20;3;Quarta-feira;Nao;34;Nao;
2025-08-21;2025;8;Agosto;2025-08;T3;2025-T3;21;4;Quinta-feira;Nao;34;Nao;
2025-08-22;2025;8;Agosto;2025-08;T3;2025-T3;22;5;Sexta-feira;Nao;34;Nao;
2025-08-23;2025;8;Agosto;2025-08;T3;2025-T3;23;6;Sabado;Sim;34;Nao;
2025-08-24;2025;8;Agosto;2025-08;T3;2025-T3;24;7;Domingo;Sim;34;Nao;
2025-08-25;2025;8;Agosto;2025-08;T3;2025-T3;25;1;Segunda-feira;Nao;35;Nao;
2025-08-26;2025;8;Agosto;2025-08;T3;2025-T3;26;2;Terca-feira;Nao;35;Nao;
2025-08-27;2025;8;Agosto;2025-08;T3;2025-T3;27;3;Quarta-feira;Nao;35;Nao;
2025-08-28;2025;8;Agosto;2025-08;T3;2025-T3;28;4;Quinta-feira;Nao;35;Nao;
2025-08-29;2025;8;Agosto;2025-08;T3;2025-T3;29;5;Sexta-feira;Nao;35;Nao;
2025-08-30;2025;8;Agosto;2025-08;T3;2025-T3;30;6;Sabado;Sim;35;Nao;
2025-08-31;2025;8;Agosto;2025-08;T3;2025-T3;31;7;Domingo;Sim;35;Nao;
2025-09-01;2025;9;Setembro;2025-09;T3;2025-T3;1;1;Segunda-feira;Nao;36;Nao;
2025-09-02;2025;9;Setembro;2025-09;T3;2025-T3;2;2;Terca-feira;Nao;36;Nao;
2025-09-03;2025;9;Setembro;2025-09;T3;2025-T3;3;3;Quarta-feira;Nao;36;Nao;
2025-09-04;2025;9;Setembro;2025-09;T3;2025-T3;4;4;Quinta-feira;Nao;36;Nao;
2025-09-05;2025;9;Setembro;2025-09;T3;2025-T3;5;5;Sexta-feira;Nao;36;Nao;
2025-09-06;2025;9;Setembro;2025-09;T3;2025-T3;6;6;Sabado;Sim;36;Nao;
2025-09-07;2025;9;Setembro;2025-09;T3;2025-T3;7;7;Domingo;Sim;36;Sim;Independencia do Brasil
2025-09-08;2025;9;Setembro;2025-09;T3;2025-T3;8;1;Segunda-feira;Nao;37;Nao;
2025-09-09;2025;9;Setembro;2025-09;T3;2025-T3;9;2;Terca-feira;Nao;37;Nao;
2025-09-10;2025;9;Setembro;2025-09;T3;2025-T3;10;3;Quarta-feira;Nao;37;Nao;
2025-09-11;2025;9;Setembro;2025-09;T3;2025-T3;11;4;Quinta-feira;Nao;37;Nao;
2025-09-12;2025;9;Setembro;2025-09;T3;2025-T3;12;5;Sexta-feira;Nao;37;Nao;
2025-09-13;2025;9;Setembro;2025-09;T3;2025-T3;13;6;Sabado;Sim;37;Nao;
2025-09-14;2025;9;Setembro;2025-09;T3;2025-T3;14;7;Domingo;Sim;37;Nao;
2025-09-15;2025;9;Setembro;2025-09;T3;2025-T3;15;1;Segunda-feira;Nao;38;Nao;
2025-09-16;2025;9;Setembro;2025-09;T3;2025-T3;16;2;Terca-feira;Nao;38;Nao;
2025-09-17;2025;9;Setembro;2025-09;T3;2025-T3;17;3;Quarta-feira;Nao;38;Nao;
2025-09-18;2025;9;Setembro;2025-09;T3;2025-T3;18;4;Quinta-feira;Nao;38;Nao;
2025-09-19;2025;9;Setembro;2025-09;T3;2025-T3;19;5;Sexta-feira;Nao;38;Nao;
2025-09-20;2025;9;Setembro;2025-09;T3;2025-T3;20;6;Sabado;Sim;38;Nao;
2025-09-21;2025;9;Setembro;2025-09;T3;2025-T3;21;7;Domingo;Sim;38;Nao;
2025-09-22;2025;9;Setembro;2025-09;T3;2025-T3;22;1;Segunda-feira;Nao;39;Nao;
2025-09-23;2025;9;Setembro;2025-09;T3;2025-T3;23;2;Terca-feira;Nao;39;Nao;
2025-09-24;2025;9;Setembro;2025-09;T3;2025-T3;24;3;Quarta-feira;Nao;39;Nao;
2025-09-25;2025;9;Setembro;2025-09;T3;2025-T3;25;4;Quinta-feira;Nao;39;Nao;
2025-09-26;2025;9;Setembro;2025-09;T3;2025-T3;26;5;Sexta-feira;Nao;39;Nao;
2025-09-27;2025;9;Setembro;2025-09;T3;2025-T3;27;6;Sabado;Sim;39;Nao;
2025-09-28;2025;9;Setembro;2025-09;T3;2025-T3;28;7;Domingo;Sim;39;Nao;
2025-09-29;2025;9;Setembro;2025-09;T3;2025-T3;29;1;Segunda-feira;Nao;40;Nao;
2025-09-30;2025;9;Setembro;2025-09;T3;2025-T3;30;2;Terca-feira;Nao;40;Nao;
2025-10-01;2025;10;Outubro;2025-10;T4;2025-T4;1;3;Quarta-feira;Nao;40;Nao;
2025-10-02;2025;10;Outubro;2025-10;T4;2025-T4;2;4;Quinta-feira;Nao;40;Nao;
2025-10-03;2025;10;Outubro;2025-10;T4;2025-T4;3;5;Sexta-feira;Nao;40;Nao;
2025-10-04;2025;10;Outubro;2025-10;T4;2025-T4;4;6;Sabado;Sim;40;Nao;
2025-10-05;2025;10;Outubro;2025-10;T4;2025-T4;5;7;Domingo;Sim;40;Nao;
2025-10-06;2025;10;Outubro;2025-10;T4;2025-T4;6;1;Segunda-feira;Nao;41;Nao;
2025-10-07;2025;10;Outubro;2025-10;T4;2025-T4;7;2;Terca-feira;Nao;41;Nao;
2025-10-08;2025;10;Outubro;2025-10;T4;2025-T4;8;3;Quarta-feira;Nao;41;Nao;
2025-10-09;2025;10;Outubro;2025-10;T4;2025-T4;9;4;Quinta-feira;Nao;41;Nao;
2025-10-10;2025;10;Outubro;2025-10;T4;2025-T4;10;5;Sexta-feira;Nao;41;Nao;
2025-10-11;2025;10;Outubro;2025-10;T4;2025-T4;11;6;Sabado;Sim;41;Nao;
2025-10-12;2025;10;Outubro;2025-10;T4;2025-T4;12;7;Domingo;Sim;41;Sim;Nossa Senhora Aparecida
2025-10-13;2025;10;Outubro;2025-10;T4;2025-T4;13;1;Segunda-feira;Nao;42;Nao;
2025-10-14;2025;10;Outubro;2025-10;T4;2025-T4;14;2;Terca-feira;Nao;42;Nao;
2025-10-15;2025;10;Outubro;2025-10;T4;2025-T4;15;3;Quarta-feira;Nao;42;Nao;
2025-10-16;2025;10;Outubro;2025-10;T4;2025-T4;16;4;Quinta-feira;Nao;42;Nao;
2025-10-17;2025;10;Outubro;2025-10;T4;2025-T4;17;5;Sexta-feira;Nao;42;Nao;
2025-10-18;2025;10;Outubro;2025-10;T4;2025-T4;18;6;Sabado;Sim;42;Nao;
2025-10-19;2025;10;Outubro;2025-10;T4;2025-T4;19;7;Domingo;Sim;42;Nao;
2025-10-20;2025;10;Outubro;2025-10;T4;2025-T4;20;1;Segunda-feira;Nao;43;Nao;
2025-10-21;2025;10;Outubro;2025-10;T4;2025-T4;21;2;Terca-feira;Nao;43;Nao;
2025-10-22;2025;10;Outubro;2025-10;T4;2025-T4;22;3;Quarta-feira;Nao;43;Nao;
2025-10-23;2025;10;Outubro;2025-10;T4;2025-T4;23;4;Quinta-feira;Nao;43;Nao;
2025-10-24;2025;10;Outubro;2025-10;T4;2025-T4;24;5;Sexta-feira;Nao;43;Nao;
2025-10-25;2025;10;Outubro;2025-10;T4;2025-T4;25;6;Sabado;Sim;43;Nao;
2025-10-26;2025;10;Outubro;2025-10;T4;2025-T4;26;7;Domingo;Sim;43;Nao;
2025-10-27;2025;10;Outubro;2025-10;T4;2025-T4;27;1;Segunda-feira;Nao;44;Nao;
2025-10-28;2025;10;Outubro;2025-10;T4;2025-T4;28;2;Terca-feira;Nao;44;Nao;
2025-10-29;2025;10;Outubro;2025-10;T4;2025-T4;29;3;Quarta-feira;Nao;44;Nao;
2025-10-30;2025;10;Outubro;2025-10;T4;2025-T4;30;4;Quinta-feira;Nao;44;Nao;
2025-10-31;2025;10;Outubro;2025-10;T4;2025-T4;31;5;Sexta-feira;Nao;44;Nao;
2025-11-01;2025;11;Novembro;2025-11;T4;2025-T4;1;6;Sabado;Sim;44;Nao;
2025-11-02;2025;11;Novembro;2025-11;T4;2025-T4;2;7;Domingo;Sim;44;Sim;Finados
2025-11-03;2025;11;Novembro;2025-11;T4;2025-T4;3;1;Segunda-feira;Nao;45;Nao;
2025-11-04;2025;11;Novembro;2025-11;T4;2025-T4;4;2;Terca-feira;Nao;45;Nao;
2025-11-05;2025;11;Novembro;2025-11;T4;2025-T4;5;3;Quarta-feira;Nao;45;Nao;
2025-11-06;2025;11;Novembro;2025-11;T4;2025-T4;6;4;Quinta-feira;Nao;45;Nao;
2025-11-07;2025;11;Novembro;2025-11;T4;2025-T4;7;5;Sexta-feira;Nao;45;Nao;
2025-11-08;2025;11;Novembro;2025-11;T4;2025-T4;8;6;Sabado;Sim;45;Nao;
2025-11-09;2025;11;Novembro;2025-11;T4;2025-T4;9;7;Domingo;Sim;45;Nao;
2025-11-10;2025;11;Novembro;2025-11;T4;2025-T4;10;1;Segunda-feira;Nao;46;Nao;
2025-11-11;2025;11;Novembro;2025-11;T4;2025-T4;11;2;Terca-feira;Nao;46;Nao;
2025-11-12;2025;11;Novembro;2025-11;T4;2025-T4;12;3;Quarta-feira;Nao;46;Nao;
2025-11-13;2025;11;Novembro;2025-11;T4;2025-T4;13;4;Quinta-feira;Nao;46;Nao;
2025-11-14;2025;11;Novembro;2025-11;T4;2025-T4;14;5;Sexta-feira;Nao;46;Nao;
2025-11-15;2025;11;Novembro;2025-11;T4;2025-T4;15;6;Sabado;Sim;46;Sim;Proclamacao da Republica
2025-11-16;2025;11;Novembro;2025-11;T4;2025-T4;16;7;Domingo;Sim;46;Nao;
2025-11-17;2025;11;Novembro;2025-11;T4;2025-T4;17;1;Segunda-feira;Nao;47;Nao;
2025-11-18;2025;11;Novembro;2025-11;T4;2025-T4;18;2;Terca-feira;Nao;47;Nao;
2025-11-19;2025;11;Novembro;2025-11;T4;2025-T4;19;3;Quarta-feira;Nao;47;Nao;
2025-11-20;2025;11;Novembro;2025-11;T4;2025-T4;20;4;Quinta-feira;Nao;47;Sim;Dia da Consciencia Negra
2025-11-21;2025;11;Novembro;2025-11;T4;2025-T4;21;5;Sexta-feira;Nao;47;Nao;
2025-11-22;2025;11;Novembro;2025-11;T4;2025-T4;22;6;Sabado;Sim;47;Nao;
2025-11-23;2025;11;Novembro;2025-11;T4;2025-T4;23;7;Domingo;Sim;47;Nao;
2025-11-24;2025;11;Novembro;2025-11;T4;2025-T4;24;1;Segunda-feira;Nao;48;Nao;
2025-11-25;2025;11;Novembro;2025-11;T4;2025-T4;25;2;Terca-feira;Nao;48;Nao;
2025-11-26;2025;11;Novembro;2025-11;T4;2025-T4;26;3;Quarta-feira;Nao;48;Nao;
2025-11-27;2025;11;Novembro;2025-11;T4;2025-T4;27;4;Quinta-feira;Nao;48;Nao;
2025-11-28;2025;11;Novembro;2025-11;T4;2025-T4;28;5;Sexta-feira;Nao;48;Nao;
2025-11-29;2025;11;Novembro;2025-11;T4;2025-T4;29;6;Sabado;Sim;48;Nao;
2025-11-30;2025;11;Novembro;2025-11;T4;2025-T4;30;7;Domingo;Sim;48;Nao;
2025-12-01;2025;12;Dezembro;2025-12;T4;2025-T4;1;1;Segunda-feira;Nao;49;Nao;
2025-12-02;2025;12;Dezembro;2025-12;T4;2025-T4;2;2;Terca-feira;Nao;49;Nao;
2025-12-03;2025;12;Dezembro;2025-12;T4;2025-T4;3;3;Quarta-feira;Nao;49;Nao;
2025-12-04;2025;12;Dezembro;2025-12;T4;2025-T4;4;4;Quinta-feira;Nao;49;Nao;
2025-12-05;2025;12;Dezembro;2025-12;T4;2025-T4;5;5;Sexta-feira;Nao;49;Nao;
2025-12-06;2025;12;Dezembro;2025-12;T4;2025-T4;6;6;Sabado;Sim;49;Nao;
2025-12-07;2025;12;Dezembro;2025-12;T4;2025-T4;7;7;Domingo;Sim;49;Nao;
2025-12-08;2025;12;Dezembro;2025-12;T4;2025-T4;8;1;Segunda-feira;Nao;50;Nao;
2025-12-09;2025;12;Dezembro;2025-12;T4;2025-T4;9;2;Terca-feira;Nao;50;Nao;
2025-12-10;2025;12;Dezembro;2025-12;T4;2025-T4;10;3;Quarta-feira;Nao;50;Nao;
2025-12-11;2025;12;Dezembro;2025-12;T4;2025-T4;11;4;Quinta-feira;Nao;50;Nao;
2025-12-12;2025;12;Dezembro;2025-12;T4;2025-T4;12;5;Sexta-feira;Nao;50;Nao;
2025-12-13;2025;12;Dezembro;2025-12;T4;2025-T4;13;6;Sabado;Sim;50;Nao;
2025-12-14;2025;12;Dezembro;2025-12;T4;2025-T4;14;7;Domingo;Sim;50;Nao;
2025-12-15;2025;12;Dezembro;2025-12;T4;2025-T4;15;1;Segunda-feira;Nao;51;Nao;
2025-12-16;2025;12;Dezembro;2025-12;T4;2025-T4;16;2;Terca-feira;Nao;51;Nao;
2025-12-17;2025;12;Dezembro;2025-12;T4;2025-T4;17;3;Quarta-feira;Nao;51;Nao;
2025-12-18;2025;12;Dezembro;2025-12;T4;2025-T4;18;4;Quinta-feira;Nao;51;Nao;
2025-12-19;2025;12;Dezembro;2025-12;T4;2025-T4;19;5;Sexta-feira;Nao;51;Nao;
2025-12-20;2025;12;Dezembro;2025-12;T4;2025-T4;20;6;Sabado;Sim;51;Nao;
2025-12-21;2025;12;Dezembro;2025-12;T4;2025-T4;21;7;Domingo;Sim;51;Nao;
2025-12-22;2025;12;Dezembro;2025-12;T4;2025-T4;22;1;Segunda-feira;Nao;52;Nao;
2025-12-23;2025;12;Dezembro;2025-12;T4;2025-T4;23;2;Terca-feira;Nao;52;Nao;
2025-12-24;2025;12;Dezembro;2025-12;T4;2025-T4;24;3;Quarta-feira;Nao;52;Nao;
2025-12-25;2025;12;Dezembro;2025-12;T4;2025-T4;25;4;Quinta-feira;Nao;52;Sim;Natal
2025-12-26;2025;12;Dezembro;2025-12;T4;2025-T4;26;5;Sexta-feira;Nao;52;Nao;
2025-12-27;2025;12;Dezembro;2025-12;T4;2025-T4;27;6;Sabado;Sim;52;Nao;
2025-12-28;2025;12;Dezembro;2025-12;T4;2025-T4;28;7;Domingo;Sim;52;Nao;
2025-12-29;2025;12;Dezembro;2025-12;T4;2025-T4;29;1;Segunda-feira;Nao;1;Nao;
2025-12-30;2025;12;Dezembro;2025-12;T4;2025-T4;30;2;Terca-feira;Nao;1;Nao;
2025-12-31;2025;12;Dezembro;2025-12;T4;2025-T4;31;3;Quarta-feira;Nao;1;Nao;
